{
  "MAE": 2497.9003797879654,
  "RMSE": 4455.8870051533495,
  "R2": 0.876132471030174
}