{
  "MAE": 2625.760558042756,
  "RMSE": 4702.200849163091,
  "R2": 0.8620595982096078
}