{
  "MAE": 3046.6977385178116,
  "RMSE": 5116.05646626975,
  "R2": 0.8367099229952057
}