{
  "MAE": 4008.515483674283,
  "RMSE": 5894.267291025981,
  "R2": 0.78325514964107
}