{
  "MAE": 4022.122844153984,
  "RMSE": 5900.7947103341085,
  "R2": 0.7827748294145198
}